{
    "databases" : [
        {
            "sid": "microsiga",
            "user": "lb2bkp",
            "password": "alsk1029QWE#",
            "modules" : [
                {
                    "script" : "check_alert.py",
                    "name" : "alertlog",
                    "logfile" : "/u01/app/oracle/diag/rdbms/microsiga/microsiga/trace/alert_microsiga.log",
                    "clear_time" : 60,
                    "config" : "/usr/lib64/nagios/plugins/lb2_oracle/config/alertlog.json"
                },
                {
                    "script" : "check_alert_db.py",
                    "name" : "alertlog_db",
                    "clear_time" : 60,
                    "config" : "/usr/lib64/nagios/plugins/lb2_oracle/config/alertlog.json"
                },
                {
                    "script" : "check_tablespaces.py",
                    "name" : "tablespaces",
                    "warning" : "90",
                    "critical" : "95",
                    "exec_time" : 8,
                    "force" : false,
                    "autoextend" : true
                },
                {
                    "script" : "check_ora_tps.py",
                    "name" : "tps",
                    "warning" :"350"
                },
                {
                    "script" : "check_connection_time.py",
                    "name" : "connection_time",
                    "warning" : "5000",
                    "critical" : "10000"
                },
                {
                    "script" : "check_ora_users.py",
                    "name" : "users",
                    "warning" : "620",
                    "sum" : true,
                    "schemas" : "NONE"
                },
                {
                    "script" : "check_dbgrowth.py",
                    "name" : "dbgrowth",
                    "disktime" : true,
                    "localdisk" : "/u02",
                    "asm" : ""
                },
                {
                    "script" : "check_archives.py",
                    "name" : "archives",
                    "localdisk" : "/arch/sag",
                    "asm" : "",
                    "warning" : 10,
                    "critical" : 4
                },
                {
                    "script" : "check_backup.py",
                    "name" : "rman",
                    "yesterday" : true,
                    "path" : "/backup/log/",
                    "name_pattern" : "rman_full_microsiga_",
                    "error_pattern"     : "RMAN-",
                    "finish_time" : "06",
                    "ignore_file" : null
                },
                {
                    "script" : "check_backup.py",
                    "name" : "datapump",
                    "yesterday" : false,
                    "path" : "/backup/datapump/",
                    "name_pattern" : "export_",
                    "error_pattern" : "ORA-",
                    "finish_time" : "06",
                    "ignore_file" : null
                },
                {
                    "script" : "check_wait_time.py",
                    "name" : "waits",
                    "warning" : "1000"
                },
                {
                    "script" : "check_locks.py",
                    "name" : "locks",
                    "warning" : "2",
                    "critical" : "4",
                    "tempo_lock" : "5"
                },
                {
                    "script" : "check_processes.py",
                    "name" : "processes",
                    "warning" : "1000",
                    "critical" : "2000"
                }
            ]
        }
    ]
}
